movie,actor
红颜知己,顾咏
西部牛仔,凤瑞
满目疮痍,章江
不止英雄,臧莺
穿越太空,柳义
霞光万道,殷玲
保卫和平,袁伟
雨中探险,葛霭
侠客的梦,伍蕊
遥远的南方,宋利
钢铁修炼记,董馥
空虚传奇,毛荣
忆青春,皮鸣
燃魂,计梅
乱世出英雄,安纯
银幕经典,舒茜
禁忌之爱,计广
星球之外,卫希
灾难历险记,邹茂
传说,卫策
如果时光可以倒流,毛荣
活死人,葛成
鱼水合欢,王会
不可能的爱,臧松
岁月缝花,金毅
错过缘分错过你,鲁浩
《敏觉》,乐洁
狂暴追击7,乐惠
农耕文明史,汤燕
不打不相识,舒薇
飒爽风秦,戚馥
冰山惊魂,乐翰
狂暴追击,范琳
大卫和麦克的故事2,孟兴
探险侏罗纪,宋妹
房间的暗格,茅真
活死人,米启
冲向不列颠,秦菁
男人和女人,庞珊
一条牧羊犬,伏安
羊羊总动员,苗全
大卫和麦克的故事,汤霭
大探险,严蕊
影院惊魂,潘时
香蕉,冯鹏
谈婚论嫁,庞锦
墓穴的阴影,昌家
南京1965,罗俊
少林十二铜人,杨滢
国家宝藏,任霞
西北大平原,戴奇
我的平凡女友,凤壮
神仙也疯狂,汪珠
西藏的蓝天,禹裕
青春,沈芳
哥谭精英,褚河
哥谭精英,顾咏
罪罚,凤瑞
登顶喜马拉雅,章江
月光宝盒,臧莺
一路的蒲公英,柳义
大唐探案师,殷玲
